id,first_name,last_name,email,gender,ip_address
1,Ameline,Skirrow,askirrow0@stumbleupon.com,Polygender,25.254.80.183
2,Cy,Bingham,cbingham1@newsvine.com,Male,157.171.162.151
3,Lottie,Robeiro,lrobeiro2@businessweek.com,Agender,217.69.20.95
4,Thomasa,Woodison,twoodison3@facebook.com,Female,186.205.138.247
5,Engracia,Roubottom,eroubottom4@go.com,Genderqueer,212.217.147.167
6,Ernesta,Grimbleby,egrimbleby5@ucsd.edu,Female,206.55.39.105
7,Jarib,Edward,jedward6@phpbb.com,Male,251.223.193.155
8,Riordan,Prando,rprando7@acquirethisname.com,Male,116.35.142.250
9,Edwin,Merrell,emerrell8@nyu.edu,Male,144.185.55.142
10,Lothaire,Aldren,laldren9@dot.gov,Male,143.113.144.64
11,Henry,Buglar,hbuglara@diigo.com,Male,197.178.221.180
12,Gregory,Cremins,gcreminsb@webs.com,Male,94.121.250.16
13,Farley,Beddows,fbeddowsc@mayoclinic.com,Male,56.80.246.213
14,Angel,Disbrey,adisbreyd@technorati.com,Bigender,86.147.23.36
15,Delmar,Caston,dcastone@delicious.com,Male,152.189.71.44
16,Damian,Blankhorn,dblankhornf@forbes.com,Male,26.62.94.156
17,Rodolphe,Finnes,rfinnesg@arizona.edu,Male,83.29.114.202
18,Temple,Sussems,tsussemsh@deliciousdays.com,Male,236.197.144.158
19,Cointon,Cuddon,ccuddoni@webnode.com,Male,222.150.222.95
20,Peyter,Mioni,pmionij@ifeng.com,Male,148.139.221.105
21,Aeriell,Durrett,adurrettk@flavors.me,Female,188.180.197.8
22,Colby,Woller,cwollerl@noaa.gov,Male,175.250.207.55
23,Isidore,Dimsdale,idimsdalem@addthis.com,Male,210.233.118.232
24,Stanley,Eleshenar,seleshenarn@blogspot.com,Male,26.167.113.218
25,Janaya,Skedge,jskedgeo@altervista.org,Female,120.40.220.142
26,Claudina,Millgate,cmillgatep@naver.com,Female,198.30.122.5
27,Angelico,Sellen,asellenq@xrea.com,Male,199.22.30.84
28,Sonny,Rickaert,srickaertr@zdnet.com,Male,45.76.83.242
29,Paquito,Lavelle,plavelles@imdb.com,Genderfluid,3.212.213.79
30,Tadeas,Gobbet,tgobbett@miibeian.gov.cn,Male,117.247.148.100
31,Arlen,Horsey,ahorseyu@sohu.com,Male,91.144.242.189
32,Gerladina,Jacobovitz,gjacobovitzv@independent.co.uk,Female,235.31.180.83
33,Reuben,Goranov,rgoranovw@bizjournals.com,Male,62.205.85.49
34,Ariana,Rubertelli,arubertellix@reddit.com,Female,18.232.214.10
35,Winnie,Taffee,wtaffeey@miitbeian.gov.cn,Male,151.135.105.181
36,Wenonah,Rylett,wrylettz@stanford.edu,Female,189.178.194.142
37,Clemente,Hardison,chardison10@businessweek.com,Agender,94.164.70.193
38,Mellisent,McQuilty,mmcquilty11@amazon.co.uk,Female,142.221.217.115
39,Rutter,Adenot,radenot12@bloglines.com,Male,189.77.103.205
40,Torrey,MacTrustrie,tmactrustrie13@people.com.cn,Male,103.105.75.13
41,Marietta,Tomkin,mtomkin14@google.cn,Female,48.94.59.20
42,Ede,Haryngton,eharyngton15@51.la,Female,135.50.186.35
43,Standford,Bilsborrow,sbilsborrow16@nba.com,Male,85.170.65.142
44,Tamra,Adamczewski,tadamczewski17@boston.com,Female,42.127.133.69
45,Cassie,Wheatman,cwheatman18@sphinn.com,Male,13.150.34.162
46,Clare,Letterese,cletterese19@samsung.com,Female,133.136.72.57
47,Tonnie,Cottem,tcottem1a@kickstarter.com,Male,250.100.100.12
48,Berkie,Peery,bpeery1b@sogou.com,Genderfluid,18.155.53.230
49,Gayler,De Moreno,gdemoreno1c@devhub.com,Male,150.252.182.35
50,Jule,Spellsworth,jspellsworth1d@mediafire.com,Non-binary,220.144.143.198
51,Vannie,Itzkovici,vitzkovici1e@com.com,Female,218.145.53.106
52,Martyn,Mewitt,mmewitt1f@list-manage.com,Male,83.61.72.140
53,Beck,Stroobant,bstroobant1g@mozilla.org,Male,11.84.241.211
54,Ev,Pierson,epierson1h@icio.us,Male,241.187.220.252
55,Kylynn,Letterese,kletterese1i@edublogs.org,Non-binary,207.105.239.220
56,Jsandye,Yourell,jyourell1j@alibaba.com,Agender,92.100.122.27
57,Rolf,Seater,rseater1k@gnu.org,Male,147.52.241.249
58,Nowell,Grioli,ngrioli1l@goodreads.com,Male,186.38.196.14
59,Tilda,Danielkiewicz,tdanielkiewicz1m@samsung.com,Female,209.218.252.88
60,Holmes,Linzee,hlinzee1n@shop-pro.jp,Male,227.100.236.13
61,Vanya,Schaumann,vschaumann1o@cafepress.com,Male,20.12.127.49
62,Osbourne,Saunder,osaunder1p@toplist.cz,Male,247.128.121.24
63,Melantha,Crickmer,mcrickmer1q@cafepress.com,Female,219.101.154.158
64,Dominick,Clery,dclery1r@reddit.com,Male,196.151.129.148
65,Kipper,Figgures,kfiggures1s@mail.ru,Male,41.175.130.51
66,Victoir,Downe,vdowne1t@shop-pro.jp,Male,146.101.242.207
67,Ag,Fleg,afleg1u@ifeng.com,Female,9.226.96.228
68,Elicia,Goldhill,egoldhill1v@sakura.ne.jp,Female,138.115.205.61
69,Rusty,Denney,rdenney1w@stumbleupon.com,Male,62.95.154.242
70,Ingamar,MacDowall,imacdowall1x@pcworld.com,Male,228.38.15.12
71,Sibella,Kurton,skurton1y@merriam-webster.com,Female,179.31.208.156
72,Padraig,Esslemont,pesslemont1z@scientificamerican.com,Bigender,10.238.41.198
73,Helli,Jeays,hjeays20@oaic.gov.au,Female,102.247.67.116
74,Richardo,Soda,rsoda21@columbia.edu,Male,253.211.113.212
75,Frayda,Comerford,fcomerford22@cocolog-nifty.com,Female,145.55.190.215
76,Keane,Fairhall,kfairhall23@bloglovin.com,Male,92.7.108.156
77,Gerda,Godlee,ggodlee24@auda.org.au,Female,153.252.22.166
78,Ruben,Ghirigori,rghirigori25@com.com,Male,185.81.170.214
79,Sigismond,Crocetti,scrocetti26@deliciousdays.com,Bigender,102.137.10.29
80,Gib,Pellamont,gpellamont27@merriam-webster.com,Male,65.106.40.9
81,Edin,Ipsly,eipsly28@uiuc.edu,Female,99.121.149.217
82,Ilario,Mogford,imogford29@pinterest.com,Male,255.70.163.214
83,Jorrie,Ohlsen,johlsen2a@blogger.com,Female,80.77.129.25
84,Elnar,Bowle,ebowle2b@epa.gov,Male,200.3.142.251
85,Valery,Josef,vjosef2c@last.fm,Female,246.37.199.65
86,Petr,Rycroft,prycroft2d@ycombinator.com,Male,120.196.24.219
87,Morena,Flea,mflea2e@privacy.gov.au,Female,230.26.2.212
88,Alla,Gehring,agehring2f@cpanel.net,Female,208.251.76.110
89,Ericka,MacTrustie,emactrustie2g@narod.ru,Female,135.219.178.219
90,Hamel,Laidel,hlaidel2h@cargocollective.com,Male,203.113.211.255
91,Cacilie,Prattington,cprattington2i@wix.com,Female,50.131.167.127
92,Sergent,Deschlein,sdeschlein2j@biglobe.ne.jp,Male,39.174.3.230
93,Eileen,Rizzo,erizzo2k@theglobeandmail.com,Female,123.185.188.156
94,Stace,Garfath,sgarfath2l@java.com,Female,206.130.235.122
95,Dorey,Gallatly,dgallatly2m@apache.org,Male,146.204.98.133
96,Evelin,Renbold,erenbold2n@amazon.de,Male,213.154.106.55
97,Gabie,Mitcheson,gmitcheson2o@hud.gov,Male,75.223.207.23
98,Ignatius,Causbey,icausbey2p@surveymonkey.com,Male,90.83.226.254
99,Jedediah,Parcall,jparcall2q@howstuffworks.com,Male,237.244.138.25
100,Dion,Jess,djess2r@amazon.co.jp,Female,183.179.127.67
101,Shayna,Rolingson,srolingson2s@columbia.edu,Female,222.66.235.147
102,Harmon,Flaherty,hflaherty2t@senate.gov,Male,141.14.204.144
103,Berk,Chatterton,bchatterton2u@mozilla.org,Male,68.99.50.24
104,Leah,Scottrell,lscottrell2v@booking.com,Bigender,248.71.213.150
105,Armand,Parcell,aparcell2w@squidoo.com,Male,175.222.233.160
106,Corry,Gretham,cgretham2x@independent.co.uk,Female,26.233.157.134
107,Erin,Redwall,eredwall2y@omniture.com,Male,212.49.62.163
108,Stacy,Olesen,solesen2z@cdbaby.com,Male,74.146.175.219
109,Royce,Honsch,rhonsch30@google.com.hk,Male,177.184.57.71
110,Esma,Coulthurst,ecoulthurst31@gnu.org,Female,98.208.166.38
111,Marlin,Swigger,mswigger32@prnewswire.com,Male,87.99.177.25
112,Giorgi,Stockman,gstockman33@drupal.org,Agender,39.176.136.56
113,Sapphire,Agate,sagate34@php.net,Female,232.120.133.50
114,Valry,Janjusevic,vjanjusevic35@telegraph.co.uk,Female,190.222.251.33
115,Phip,Mc Meekin,pmcmeekin36@fema.gov,Male,63.87.170.74
116,Collie,Winter,cwinter37@ucoz.com,Female,94.241.118.23
117,Ric,Jakubowsky,rjakubowsky38@newsvine.com,Male,145.240.177.118
118,Waldon,Norfolk,wnorfolk39@wikimedia.org,Genderqueer,103.155.231.234
119,Pen,Czapla,pczapla3a@163.com,Female,187.210.124.137
120,Coralie,Peeters,cpeeters3b@opensource.org,Female,251.25.90.114
121,Bobbette,Everest,beverest3c@umich.edu,Female,194.167.68.191
122,Leon,Kerner,lkerner3d@dell.com,Male,220.105.38.121
123,Lorraine,Sprull,lsprull3e@zimbio.com,Female,226.32.73.110
124,Henryetta,Oldacre,holdacre3f@google.nl,Female,85.200.78.86
125,Yorker,Acutt,yacutt3g@sohu.com,Male,88.43.237.242
126,Kort,Cashman,kcashman3h@google.com.au,Male,102.207.36.92
127,Cordell,Caslake,ccaslake3i@so-net.ne.jp,Male,30.225.56.174
128,Nedi,Geering,ngeering3j@studiopress.com,Female,56.7.182.163
129,Esme,Drust,edrust3k@youtube.com,Genderfluid,91.102.107.219
130,Johny,Albro,jalbro3l@reuters.com,Male,163.28.57.66
131,Beatriz,Amthor,bamthor3m@redcross.org,Female,162.254.123.122
132,Berky,Beamond,bbeamond3n@census.gov,Male,212.179.235.240
133,Molli,Petrolli,mpetrolli3o@artisteer.com,Female,3.66.82.192
134,Otha,Coomber,ocoomber3p@wsj.com,Female,14.192.220.137
135,Sydelle,Anscombe,sanscombe3q@miibeian.gov.cn,Female,0.13.181.175
136,Konstantine,Thrower,kthrower3r@yellowpages.com,Male,81.43.6.242
137,Ashleigh,Owain,aowain3s@flavors.me,Female,154.45.238.173
138,Renato,Broadhurst,rbroadhurst3t@sciencedirect.com,Male,252.216.185.198
139,Abigail,Camilletti,acamilletti3u@multiply.com,Agender,64.79.235.134
140,Staford,Housegoe,shousegoe3v@mail.ru,Bigender,49.101.139.50
141,Queenie,Grieger,qgrieger3w@squidoo.com,Polygender,79.57.205.226
142,Arte,Petrolli,apetrolli3x@reverbnation.com,Male,211.117.119.205
143,Kaye,Muddimer,kmuddimer3y@ask.com,Female,27.229.38.141
144,Aube,Kubin,akubin3z@baidu.com,Genderqueer,131.75.242.180
145,Ralph,Everal,reveral40@rakuten.co.jp,Male,135.75.12.21
146,Devina,Lindro,dlindro41@cargocollective.com,Non-binary,79.105.65.218
147,Alasdair,Ganiclef,aganiclef42@last.fm,Agender,250.7.231.108
148,Lion,Hoggin,lhoggin43@netlog.com,Male,154.43.183.72
149,Adelind,Frary,afrary44@ted.com,Female,181.87.44.11
150,Danila,Blackway,dblackway45@facebook.com,Non-binary,188.121.132.90
151,Yolane,Ketts,yketts46@marketwatch.com,Female,224.66.92.132
152,Shoshanna,Bulman,sbulman47@php.net,Female,159.15.30.167
153,Stephine,Greenhalgh,sgreenhalgh48@slideshare.net,Female,68.121.169.167
154,Carmel,Alesbrook,calesbrook49@slate.com,Female,73.254.133.236
155,Celia,Harlett,charlett4a@yahoo.co.jp,Female,23.182.34.38
156,Rina,Teesdale,rteesdale4b@storify.com,Female,62.230.8.211
157,Koenraad,Kroch,kkroch4c@psu.edu,Male,235.147.59.93
158,De witt,Terzo,dterzo4d@meetup.com,Male,204.128.16.53
159,Ruth,Persence,rpersence4e@altervista.org,Genderfluid,47.238.95.207
160,Adda,Calderon,acalderon4f@google.pl,Bigender,84.232.127.18
161,Lisbeth,Kanter,lkanter4g@columbia.edu,Genderqueer,24.221.227.36
162,Loralyn,Gliddon,lgliddon4h@noaa.gov,Female,23.235.13.239
163,Joe,Sweetsur,jsweetsur4i@goodreads.com,Male,180.30.101.42
164,Andy,Coath,acoath4j@ask.com,Male,88.195.131.50
165,Cammy,Pieterick,cpieterick4k@google.co.jp,Agender,228.185.239.130
166,Avery,North,anorth4l@latimes.com,Male,190.253.33.68
167,Emilio,Cathro,ecathro4m@google.fr,Male,97.11.21.243
168,Suzi,MacGovern,smacgovern4n@theatlantic.com,Female,115.36.29.10
169,Leland,Watton,lwatton4o@sbwire.com,Male,103.229.54.8
170,Janka,Harsum,jharsum4p@tamu.edu,Female,178.252.164.228
171,Whitney,Gotts,wgotts4q@addtoany.com,Male,160.210.94.48
172,Nappy,Poston,nposton4r@freewebs.com,Male,220.31.237.29
173,Lewes,Rotchell,lrotchell4s@baidu.com,Male,213.76.72.237
174,Theodore,Dadds,tdadds4t@disqus.com,Male,111.166.28.29
175,Abba,Bolzmann,abolzmann4u@topsy.com,Male,133.194.215.143
176,Gan,Stammirs,gstammirs4v@webmd.com,Male,121.223.247.179
177,Logan,Aizlewood,laizlewood4w@boston.com,Male,115.1.85.220
178,Arman,Cometson,acometson4x@etsy.com,Male,135.30.53.90
179,Quinta,Allonby,qallonby4y@prnewswire.com,Female,74.154.149.255
180,Ronny,Gonin,rgonin4z@cam.ac.uk,Male,164.28.115.177
181,Vale,Lismer,vlismer50@wp.com,Male,171.10.142.241
182,Maryann,Farnworth,mfarnworth51@ed.gov,Female,254.178.37.143
183,Jocelyne,Dawidman,jdawidman52@businesswire.com,Female,220.12.203.197
184,Palmer,Blything,pblything53@skype.com,Polygender,135.11.7.44
185,Suzanne,Shernock,sshernock54@nhs.uk,Bigender,218.136.248.137
186,Rochester,Coltart,rcoltart55@europa.eu,Male,31.200.47.11
187,Augustus,Courtman,acourtman56@newsvine.com,Male,24.143.183.93
188,Wain,Pally,wpally57@stanford.edu,Male,15.123.210.209
189,Rachele,Willoway,rwilloway58@reuters.com,Female,144.201.77.143
190,Mahmoud,Mogg,mmogg59@noaa.gov,Male,240.117.49.250
191,Weidar,Conman,wconman5a@webs.com,Male,22.203.151.142
192,Meagan,Saffle,msaffle5b@bizjournals.com,Female,18.233.36.235
193,Jedd,Doyley,jdoyley5c@imdb.com,Male,134.139.80.54
194,Carlota,Ciciura,cciciura5d@edublogs.org,Female,82.132.145.152
195,Eugenie,Chaikovski,echaikovski5e@army.mil,Female,5.183.209.119
196,Lois,Sinnie,lsinnie5f@unblog.fr,Female,132.99.255.117
197,Rahel,Snodin,rsnodin5g@arstechnica.com,Female,105.14.24.239
198,Ray,Smalecombe,rsmalecombe5h@drupal.org,Male,91.194.174.59
199,Barron,Duker,bduker5i@amazon.de,Male,94.99.200.196
200,Kaycee,Jeffryes,kjeffryes5j@youku.com,Female,212.21.215.32
201,Silvia,Vernau,svernau5k@sciencedaily.com,Female,179.128.142.26
202,Serge,Lyes,slyes5l@weather.com,Male,56.209.103.102
203,Meyer,Slinger,mslinger5m@hp.com,Male,221.59.100.111
204,Emlyn,Amar,eamar5n@instagram.com,Female,101.249.19.142
205,Griff,Rutland,grutland5o@behance.net,Male,66.180.229.95
206,Nydia,Sergant,nsergant5p@sbwire.com,Female,117.199.2.231
207,Brodie,Chellam,bchellam5q@walmart.com,Male,67.85.161.237
208,Jewell,Rowler,jrowler5r@diigo.com,Female,192.43.105.201
209,Ezra,Davidovsky,edavidovsky5s@techcrunch.com,Genderfluid,138.98.200.100
210,Birdie,Affron,baffron5t@comcast.net,Female,90.43.13.162
211,Liam,Gerlts,lgerlts5u@google.com,Male,198.208.26.173
212,Tedmund,Kindley,tkindley5v@soup.io,Genderqueer,62.107.225.104
213,Atlanta,Engelmann,aengelmann5w@opensource.org,Agender,228.86.83.14
214,Antons,Paradyce,aparadyce5x@ftc.gov,Male,231.164.86.133
215,Leola,Troy,ltroy5y@cloudflare.com,Female,187.63.73.210
216,Lorenzo,Edmons,ledmons5z@goo.gl,Male,33.27.226.97
217,Evyn,Dany,edany60@wikipedia.org,Male,155.99.152.16
218,Evangeline,Steuhlmeyer,esteuhlmeyer61@oracle.com,Female,50.246.106.209
219,Agathe,Ivanyushkin,aivanyushkin62@paypal.com,Female,143.171.235.174
220,Christyna,Rosewell,crosewell63@guardian.co.uk,Female,123.164.161.247
221,Janka,Oakland,joakland64@ft.com,Female,108.120.7.158
222,Andrej,Foulser,afoulser65@amazon.co.jp,Male,230.153.102.143
223,Lou,Meys,lmeys66@php.net,Female,228.0.127.97
224,Donia,Riccardi,driccardi67@eepurl.com,Female,0.179.67.77
225,Sanders,MacAlpine,smacalpine68@people.com.cn,Male,63.60.24.231
226,Thaine,Sproat,tsproat69@blogtalkradio.com,Polygender,31.78.149.81
227,Koenraad,Seville,kseville6a@theatlantic.com,Male,149.221.83.160
228,Fern,Espinho,fespinho6b@pbs.org,Female,68.8.252.43
229,Chase,Whitton,cwhitton6c@eventbrite.com,Male,96.48.222.115
230,Damiano,Ondricek,dondricek6d@senate.gov,Bigender,190.251.15.223
231,Orv,Cayet,ocayet6e@earthlink.net,Male,130.95.193.177
232,Janette,Reeveley,jreeveley6f@constantcontact.com,Female,24.166.222.206
233,Catherin,Baack,cbaack6g@vimeo.com,Female,159.216.156.5
234,Jeramey,Hebard,jhebard6h@yellowpages.com,Male,131.29.232.138
235,Joni,Bertolin,jbertolin6i@tmall.com,Female,244.127.56.22
236,Gualterio,Doige,gdoige6j@pen.io,Male,136.137.201.83
237,Codie,Vasilechko,cvasilechko6k@ycombinator.com,Male,244.82.37.146
238,Robin,Barnett,rbarnett6l@w3.org,Male,248.48.83.102
239,Billye,Skace,bskace6m@themeforest.net,Female,5.228.34.187
240,Inessa,Oats,ioats6n@xing.com,Female,129.231.208.61
241,Derril,Drewery,ddrewery6o@cargocollective.com,Male,151.198.173.167
242,Anya,Wetherhead,awetherhead6p@tripod.com,Polygender,147.92.249.194
243,Reuben,Neve,rneve6q@spotify.com,Agender,123.93.72.170
244,Nehemiah,Ivankov,nivankov6r@ca.gov,Male,122.114.195.183
245,Blanche,Olin,bolin6s@geocities.com,Female,16.167.155.46
246,Fayina,Warry,fwarry6t@ca.gov,Female,141.160.80.108
247,Finn,Kinsella,fkinsella6u@trellian.com,Male,232.215.161.69
248,Sophie,Blythin,sblythin6v@msu.edu,Female,48.233.178.14
249,Vikky,Tredinnick,vtredinnick6w@biblegateway.com,Female,134.24.117.87
250,Giselbert,McEnhill,gmcenhill6x@networksolutions.com,Male,149.160.178.190
251,Letisha,Van Giffen,lvangiffen6y@vk.com,Female,98.138.180.131
252,Bret,Willmore,bwillmore6z@accuweather.com,Male,230.4.18.104
253,Matti,Cordero,mcordero70@mediafire.com,Female,24.98.186.90
254,Noella,Dunsford,ndunsford71@over-blog.com,Female,72.19.232.127
255,Ennis,Furze,efurze72@rakuten.co.jp,Male,39.19.57.253
256,Sharline,Cufflin,scufflin73@cdc.gov,Female,213.180.180.103
257,Janot,Chong,jchong74@bloglines.com,Female,203.85.50.221
258,Pierson,Lamlin,plamlin75@elegantthemes.com,Male,68.14.100.232
259,Max,Brumfitt,mbrumfitt76@ovh.net,Male,45.125.247.142
260,Merle,Collister,mcollister77@alibaba.com,Male,152.100.64.236
261,Denys,Battleson,dbattleson78@google.com.au,Female,225.158.98.109
262,Gabi,Grono,ggrono79@mapy.cz,Female,31.137.3.76
263,Codie,Ivanisov,civanisov7a@multiply.com,Male,63.177.139.41
264,Laverna,Freestone,lfreestone7b@timesonline.co.uk,Female,117.228.190.146
265,Ansley,Grimston,agrimston7c@altervista.org,Female,93.42.99.174
266,Birgitta,Kingswoode,bkingswoode7d@163.com,Female,35.86.114.66
267,Clerc,Schlagtmans,cschlagtmans7e@nhs.uk,Male,105.96.62.164
268,Gino,Scarsbrook,gscarsbrook7f@a8.net,Genderfluid,250.125.39.220
269,Dmitri,Ribbens,dribbens7g@wisc.edu,Male,80.22.127.140
270,Mathilde,Ausiello,mausiello7h@yellowpages.com,Female,254.15.30.32
271,Marylynne,Eglaise,meglaise7i@guardian.co.uk,Female,88.160.130.211
272,Arther,Search,asearch7j@myspace.com,Male,40.41.144.92
273,Clayson,Storton,cstorton7k@ucla.edu,Male,109.107.219.229
274,Gonzalo,Coche,gcoche7l@exblog.jp,Bigender,22.158.114.87
275,Layla,Perse,lperse7m@ycombinator.com,Female,238.4.82.155
276,Lynnette,Fern,lfern7n@g.co,Female,238.157.86.139
277,Haslett,Slyford,hslyford7o@berkeley.edu,Male,199.236.83.63
278,Kipper,Vennard,kvennard7p@blogs.com,Bigender,208.77.143.203
279,Bond,Spybey,bspybey7q@ibm.com,Male,58.22.60.84
280,Burty,Cheves,bcheves7r@economist.com,Male,167.31.130.112
281,Antoine,De Lasci,adelasci7s@networksolutions.com,Male,253.124.95.165
282,Kelcie,Poolton,kpoolton7t@networksolutions.com,Female,75.1.120.9
283,Parnell,Bargh,pbargh7u@trellian.com,Male,63.213.20.171
284,Alma,Boatman,aboatman7v@shinystat.com,Non-binary,68.160.173.180
285,Melina,Vedstra,mvedstra7w@w3.org,Agender,123.251.68.37
286,Ram,Greenslade,rgreenslade7x@gmpg.org,Male,25.239.132.232
287,Emmy,Jakolevitch,ejakolevitch7y@miitbeian.gov.cn,Female,100.46.205.219
288,Theodor,Weins,tweins7z@huffingtonpost.com,Male,7.233.155.211
289,Cherey,Franzotto,cfranzotto80@netlog.com,Bigender,3.53.75.212
290,Nickey,Lavigne,nlavigne81@seattletimes.com,Male,234.182.153.248
291,Aguie,Lucas,alucas82@cnet.com,Male,76.30.131.165
292,Court,Kerans,ckerans83@diigo.com,Male,183.224.64.20
293,Nadya,Oran,noran84@goodreads.com,Genderfluid,100.245.105.25
294,Herold,Veldens,hveldens85@earthlink.net,Male,254.116.110.246
295,Justine,Brumwell,jbrumwell86@a8.net,Female,199.101.12.178
296,Kitty,Jovanovic,kjovanovic87@elpais.com,Female,20.136.202.61
297,Heinrik,Powney,hpowney88@free.fr,Male,167.212.226.76
298,Dusty,O'Hoey,dohoey89@diigo.com,Female,177.151.98.149
299,Hunfredo,Lucks,hlucks8a@wikia.com,Bigender,154.29.65.59
300,Travus,Penhale,tpenhale8b@fastcompany.com,Male,128.84.69.210
301,Bathsheba,Gilmour,bgilmour8c@rakuten.co.jp,Female,116.117.177.0
302,Igor,Dodle,idodle8d@aboutads.info,Male,25.202.200.69
303,Karena,Cowling,kcowling8e@dot.gov,Female,245.245.98.94
304,Lindsey,Suche,lsuche8f@patch.com,Female,92.137.134.126
305,Karyl,Robiot,krobiot8g@amazon.com,Female,129.109.160.244
306,Babbie,Leijs,bleijs8h@dailymail.co.uk,Female,239.18.95.150
307,Haydon,Rodrig,hrodrig8i@surveymonkey.com,Male,178.237.215.243
308,Pierce,Franzonello,pfranzonello8j@who.int,Male,132.88.149.226
309,Lindsay,Lamar,llamar8k@vinaora.com,Female,69.81.168.109
310,Krissie,Lamacraft,klamacraft8l@mayoclinic.com,Female,242.106.29.157
311,Fred,Bartoszinski,fbartoszinski8m@dmoz.org,Male,154.88.158.226
312,Aleda,Petris,apetris8n@yahoo.co.jp,Polygender,13.39.43.152
313,Herrick,McIlharga,hmcilharga8o@webnode.com,Male,91.24.160.204
314,Galvan,Hartegan,ghartegan8p@storify.com,Male,30.57.108.25
315,Romonda,Fleischmann,rfleischmann8q@tumblr.com,Female,184.253.100.110
316,Taylor,Rahlof,trahlof8r@amazonaws.com,Male,91.167.192.58
317,Hube,Marquand,hmarquand8s@nba.com,Male,45.178.61.237
318,Anson,Raithby,araithby8t@blogger.com,Bigender,229.229.175.131
319,Gregorio,Habershon,ghabershon8u@cnet.com,Male,39.178.26.176
320,Moore,Radbourn,mradbourn8v@mozilla.org,Male,141.1.209.88
321,Tandy,Yandle,tyandle8w@blog.com,Female,196.253.38.42
322,Claudetta,Grcic,cgrcic8x@sciencedirect.com,Female,174.195.168.171
323,Frederick,Dyka,fdyka8y@ask.com,Male,161.238.223.64
324,Missie,Cominetti,mcominetti8z@cam.ac.uk,Female,142.255.213.197
325,Carmina,Tomala,ctomala90@liveinternet.ru,Agender,168.41.248.158
326,Winnie,Gilkison,wgilkison91@cloudflare.com,Male,157.22.169.222
327,Stevie,Eastment,seastment92@delicious.com,Male,174.88.0.221
328,Donny,Cheston,dcheston93@oaic.gov.au,Female,220.96.193.57
329,Crosby,Selvester,cselvester94@washingtonpost.com,Male,76.126.120.138
330,Adria,Verma,averma95@techcrunch.com,Female,223.254.4.26
331,Anet,Reidie,areidie96@discovery.com,Female,26.168.117.122
332,Marline,Fergusson,mfergusson97@elpais.com,Female,151.186.237.128
333,Gasper,Puckrin,gpuckrin98@topsy.com,Male,248.69.172.111
334,Rice,Bracegirdle,rbracegirdle99@sfgate.com,Male,103.250.229.31
335,Nanete,Tout,ntout9a@salon.com,Female,15.28.79.217
336,Amalia,Magson,amagson9b@hostgator.com,Female,8.152.140.45
337,Aryn,Morfey,amorfey9c@tumblr.com,Genderfluid,254.35.255.119
338,Viviene,Crawshaw,vcrawshaw9d@imgur.com,Female,68.27.205.245
339,Douglass,Linford,dlinford9e@ucoz.ru,Genderqueer,34.240.101.6
340,Brenda,Pinsent,bpinsent9f@stanford.edu,Female,102.194.85.171
341,Osbourne,Shillitoe,oshillitoe9g@arstechnica.com,Male,130.144.28.35
342,Ollie,Guynemer,oguynemer9h@pcworld.com,Male,40.206.95.112
343,Iseabal,Jardin,ijardin9i@statcounter.com,Female,143.102.75.58
344,Codie,Sorro,csorro9j@nps.gov,Female,103.205.203.77
345,Gerhardt,Jewess,gjewess9k@xing.com,Male,86.48.141.243
346,Isidore,Ghelardoni,ighelardoni9l@senate.gov,Male,184.75.42.29
347,Terrell,Thay,tthay9m@tmall.com,Male,87.236.209.139
348,Gray,Crossthwaite,gcrossthwaite9n@spiegel.de,Female,63.55.189.113
349,Idaline,Olorenshaw,iolorenshaw9o@nature.com,Female,248.251.249.80
350,Darlene,Jennick,djennick9p@forbes.com,Female,6.136.151.31
351,Daloris,Trainor,dtrainor9q@zdnet.com,Female,108.246.125.175
352,Norman,Matschoss,nmatschoss9r@yandex.ru,Male,41.203.37.215
353,Saba,Juliano,sjuliano9s@xrea.com,Female,213.16.123.159
354,Klara,Levane,klevane9t@tripadvisor.com,Female,124.143.25.17
355,Maxine,De Ferraris,mdeferraris9u@mayoclinic.com,Bigender,249.54.103.13
356,Meredith,Croose,mcroose9v@ft.com,Male,90.104.158.216
357,Mack,Gallanders,mgallanders9w@sakura.ne.jp,Male,183.104.247.82
358,Tracey,Gilpin,tgilpin9x@yolasite.com,Female,87.251.31.73
359,Kathy,Kempton,kkempton9y@ask.com,Female,1.49.181.134
360,Holli,Slide,hslide9z@craigslist.org,Female,81.200.46.46
361,Sancho,Linnane,slinnanea0@biglobe.ne.jp,Male,1.78.24.179
362,Jethro,Chesher,jcheshera1@businessinsider.com,Male,186.118.211.97
363,Isahella,Saker,isakera2@forbes.com,Female,49.70.233.36
364,Filberto,Doge,fdogea3@google.com.br,Male,68.196.51.93
365,Sarena,Godier,sgodiera4@yandex.ru,Female,253.5.155.35
366,Duky,Lukovic,dlukovica5@harvard.edu,Male,78.77.3.75
367,Arvie,Tregear,atregeara6@wired.com,Male,39.219.40.209
368,Ertha,Duffin,eduffina7@wikipedia.org,Female,19.247.79.209
369,Massimiliano,Carwardine,mcarwardinea8@aboutads.info,Male,59.164.237.66
370,Lamond,Hercock,lhercocka9@ucla.edu,Male,58.22.25.109
371,Zeke,Raulston,zraulstonaa@nydailynews.com,Male,191.29.218.10
372,Sibby,Adamsen,sadamsenab@kickstarter.com,Female,221.216.7.191
373,Debora,Storey,dstoreyac@1688.com,Female,24.157.183.226
374,Mehetabel,Shovelbottom,mshovelbottomad@economist.com,Female,235.2.64.246
375,Rheba,Dulake,rdulakeae@stumbleupon.com,Female,232.68.84.108
376,Giustino,Pincked,gpinckedaf@bizjournals.com,Male,136.68.205.148
377,Flo,O'Hanlon,fohanlonag@dell.com,Female,28.160.143.219
378,Willabella,Depka,wdepkaah@hugedomains.com,Female,167.55.20.53
379,Franklyn,Greeve,fgreeveai@columbia.edu,Male,21.144.71.92
380,Minne,Abramcik,mabramcikaj@ucoz.ru,Female,248.185.232.79
381,Eolande,Mundee,emundeeak@dedecms.com,Female,143.119.76.211
382,Alix,Rackley,arackleyal@chronoengine.com,Female,84.120.80.38
383,Celle,Kinny,ckinnyam@europa.eu,Genderfluid,217.78.10.74
384,Kirby,Chavrin,kchavrinan@europa.eu,Female,125.130.61.150
385,Fee,Girardin,fgirardinao@nbcnews.com,Male,104.95.34.233
386,Duffy,Callender,dcallenderap@a8.net,Male,40.66.35.254
387,Enoch,Haslam,ehaslamaq@instagram.com,Male,179.33.169.230
388,Harlan,Kachel,hkachelar@wikipedia.org,Male,83.90.85.197
389,Nydia,Heggman,nheggmanas@unc.edu,Female,132.235.99.111
390,Kingston,Spurling,kspurlingat@yandex.ru,Male,94.99.72.126
391,Nicol,De Domenicis,ndedomenicisau@google.it,Male,119.38.117.149
392,Paulie,Birchwood,pbirchwoodav@huffingtonpost.com,Male,137.147.205.122
393,Sharl,Twinborough,stwinboroughaw@google.cn,Female,163.26.135.144
394,Llewellyn,Muldowney,lmuldowneyax@barnesandnoble.com,Male,64.141.4.8
395,Merrilee,Blanche,mblancheay@uiuc.edu,Female,65.234.197.144
396,Artair,Goodred,agoodredaz@toplist.cz,Male,54.218.176.97
397,Geordie,Reboul,greboulb0@state.tx.us,Male,141.117.32.171
398,Aurie,Yon,ayonb1@shutterfly.com,Female,156.228.251.60
399,Ludovico,Dodgshun,ldodgshunb2@economist.com,Male,183.169.209.138
400,Demott,Barnfather,dbarnfatherb3@webnode.com,Male,9.100.138.124
401,Edgard,Hayesman,ehayesmanb4@photobucket.com,Male,87.143.164.24
402,Sherlocke,Martinovsky,smartinovskyb5@toplist.cz,Male,119.104.40.27
403,Olenka,MacPaden,omacpadenb6@mashable.com,Female,30.220.243.115
404,Tyne,Toward,ttowardb7@mayoclinic.com,Female,91.41.155.82
405,Pete,Leonards,pleonardsb8@arizona.edu,Male,48.237.237.89
406,Ame,Yurlov,ayurlovb9@reference.com,Bigender,253.138.120.166
407,Anetta,O'Doohaine,aodoohaineba@ucoz.com,Female,42.111.0.68
408,Ferdinand,Gircke,fgirckebb@artisteer.com,Male,86.207.115.129
409,Fanya,Assandri,fassandribc@bloomberg.com,Female,92.184.249.228
410,Hyacinthia,Jura,hjurabd@purevolume.com,Female,110.178.105.189
411,Dino,Laphorn,dlaphornbe@mashable.com,Male,86.116.189.157
412,Pat,Copnall,pcopnallbf@feedburner.com,Female,53.62.246.142
413,Emmalee,Laugherane,elaugheranebg@miitbeian.gov.cn,Female,89.214.173.204
414,Donn,Rackley,drackleybh@ezinearticles.com,Male,149.215.13.217
415,Fiann,Terzza,fterzzabi@spotify.com,Female,247.56.75.23
416,Paolina,Grigson,pgrigsonbj@meetup.com,Female,217.116.30.60
417,Claus,Hawse,chawsebk@businessinsider.com,Male,217.160.22.86
418,Nessie,Shakelade,nshakeladebl@msu.edu,Female,216.102.51.254
419,Briggs,Ketts,bkettsbm@blogspot.com,Male,132.185.189.201
420,Abbie,Osbourne,aosbournebn@xing.com,Male,225.253.45.58
421,Waneta,Ioselev,wioselevbo@wp.com,Female,143.203.198.245
422,Karlie,Whitby,kwhitbybp@vistaprint.com,Female,195.174.178.197
423,Trever,Simonassi,tsimonassibq@mapquest.com,Male,204.226.182.52
424,Eran,Wadeling,ewadelingbr@simplemachines.org,Female,107.162.12.204
425,Darci,Mineghelli,dmineghellibs@hugedomains.com,Female,32.87.244.49
426,Friederike,Wybern,fwybernbt@php.net,Female,234.215.153.222
427,Jaimie,Lovelady,jloveladybu@blog.com,Male,54.199.225.180
428,Robina,Clapison,rclapisonbv@constantcontact.com,Agender,209.21.223.194
429,Caroline,Alison,calisonbw@photobucket.com,Female,158.159.170.219
430,Carr,McCaghan,cmccaghanbx@msu.edu,Male,230.116.245.8
431,Billie,O'Teague,boteagueby@samsung.com,Female,199.65.214.43
432,Gary,Snow,gsnowbz@hibu.com,Male,106.33.216.132
433,Connie,Maskell,cmaskellc0@google.fr,Male,204.157.7.92
434,Elwyn,Valdes,evaldesc1@about.com,Male,97.24.73.143
435,Cullan,Donavan,cdonavanc2@imageshack.us,Male,130.224.247.218
436,Hinze,Tassaker,htassakerc3@ucoz.ru,Male,219.19.66.136
437,Harriott,Orro,horroc4@accuweather.com,Female,169.9.29.18
438,Galina,Lassey,glasseyc5@ning.com,Female,16.110.117.112
439,Denny,Lambourne,dlambournec6@harvard.edu,Female,151.150.68.155
440,Stu,Benting,sbentingc7@answers.com,Male,79.73.135.210
441,Sarah,Pattington,spattingtonc8@yale.edu,Female,214.140.126.253
442,Lydon,Huddles,lhuddlesc9@fema.gov,Male,124.30.149.54
443,Luci,Acaster,lacasterca@hexun.com,Female,191.172.99.74
444,Loydie,Sawyer,lsawyercb@boston.com,Male,205.204.249.44
445,Nicko,Presdie,npresdiecc@live.com,Male,248.56.163.74
446,Gale,Fardy,gfardycd@1688.com,Female,222.177.83.55
447,Del,Bullivent,dbulliventce@marketwatch.com,Polygender,85.208.144.156
448,Stillmann,Thuillier,sthuilliercf@cisco.com,Male,60.73.169.26
449,Nickolai,Dimock,ndimockcg@senate.gov,Male,100.153.205.234
450,Marvin,Meany,mmeanych@nih.gov,Male,131.225.46.23
451,Petronella,Kislingbury,pkislingburyci@ask.com,Female,109.180.133.196
452,Umeko,Cordelet,ucordeletcj@yellowpages.com,Female,209.238.191.131
453,Selina,Tootell,stootellck@nbcnews.com,Female,11.137.77.202
454,Ray,Eaglestone,reaglestonecl@gmpg.org,Non-binary,29.180.110.40
455,Pascale,Brownsword,pbrownswordcm@people.com.cn,Agender,124.126.178.214
456,Garrot,Bewshaw,gbewshawcn@time.com,Male,234.43.69.187
457,Arel,Gillion,agillionco@aboutads.info,Male,90.249.62.1
458,Odessa,Simes,osimescp@angelfire.com,Female,167.43.102.253
459,Stephine,Fielden,sfieldencq@upenn.edu,Female,67.25.55.6
460,Eugenio,Geraghty,egeraghtycr@sakura.ne.jp,Male,239.161.61.129
461,Petronille,Parsonage,pparsonagecs@nyu.edu,Female,124.228.218.206
462,Jordana,Benbough,jbenboughct@ft.com,Female,178.26.111.183
463,Yancey,Odney,yodneycu@rediff.com,Male,185.245.143.156
464,Yvonne,Broggini,ybrogginicv@artisteer.com,Female,183.88.121.41
465,Remus,Matchell,rmatchellcw@scribd.com,Male,61.87.148.237
466,Richie,Ratray,rratraycx@sourceforge.net,Male,61.189.19.24
467,Jena,Madre,jmadrecy@netlog.com,Female,204.48.65.99
468,Rheba,Nicely,rnicelycz@senate.gov,Agender,179.220.120.101
469,Nev,Snodden,nsnoddend0@com.com,Male,251.175.122.196
470,Falkner,Keasley,fkeasleyd1@skyrock.com,Male,162.202.92.73
471,Lovell,Salliere,lsalliered2@blogger.com,Male,162.220.123.61
472,Eugen,Taggett,etaggettd3@theatlantic.com,Male,24.137.69.149
473,Clem,Caudrelier,ccaudrelierd4@arizona.edu,Female,245.128.66.248
474,Camila,Girauld,cgirauldd5@phpbb.com,Female,173.26.180.219
475,Westbrooke,Carslaw,wcarslawd6@sciencedaily.com,Polygender,35.102.4.225
476,Renato,Andreassen,randreassend7@netlog.com,Male,80.233.107.72
477,Piggy,Prangle,pprangled8@walmart.com,Male,67.153.168.88
478,Dido,Crooke,dcrooked9@columbia.edu,Female,198.122.90.197
479,Corette,Dyson,cdysonda@state.tx.us,Female,109.11.133.31
480,Fredelia,Marzelle,fmarzelledb@w3.org,Female,155.188.155.155
481,Carina,Genders,cgendersdc@smh.com.au,Female,53.183.0.250
482,Tasia,Briskey,tbriskeydd@techcrunch.com,Female,189.252.163.171
483,Octavius,McHardy,omchardyde@bloomberg.com,Male,192.78.62.179
484,Dugald,Colqueran,dcolquerandf@businesswire.com,Male,135.226.125.176
485,Georgi,Breeds,gbreedsdg@goodreads.com,Polygender,173.70.169.21
486,Gustav,Burbury,gburburydh@oaic.gov.au,Male,119.210.81.118
487,Sybyl,Buttrey,sbuttreydi@apple.com,Female,104.122.27.23
488,Sadie,Shinefield,sshinefielddj@earthlink.net,Female,224.4.253.211
489,Antoni,Mycock,amycockdk@about.com,Male,47.103.123.5
490,Izak,Whodcoat,iwhodcoatdl@imgur.com,Polygender,156.218.230.183
491,Horatio,Yorston,hyorstondm@vkontakte.ru,Male,196.106.188.85
492,Kimmi,Rembaud,krembauddn@netlog.com,Female,186.216.153.252
493,Forrest,Melmore,fmelmoredo@symantec.com,Male,221.215.4.21
494,Lexine,Turk,lturkdp@4shared.com,Female,185.35.68.25
495,Igor,Dixey,idixeydq@tiny.cc,Male,217.250.158.195
496,Maddalena,Tremblot,mtremblotdr@sfgate.com,Female,185.194.42.132
497,Filberto,Joontjes,fjoontjesds@youtu.be,Male,92.158.102.199
498,Nels,Addionizio,naddioniziodt@barnesandnoble.com,Male,49.74.106.173
499,Pate,Shier,pshierdu@google.cn,Male,170.231.120.208
500,Taddeusz,Ruhben,truhbendv@histats.com,Male,225.99.121.109
501,Wilbur,Gusticke,wgustickedw@ox.ac.uk,Male,128.238.101.239
502,Stewart,Danshin,sdanshindx@reddit.com,Male,235.236.210.29
503,Ema,Donson,edonsondy@redcross.org,Female,253.87.49.0
504,Abbi,Booler,aboolerdz@4shared.com,Female,42.168.132.163
505,Katusha,MacGaughey,kmacgaugheye0@ask.com,Female,32.44.185.239
506,Lamond,Icke,lickee1@chron.com,Genderfluid,238.29.255.66
507,Jerrie,Garfitt,jgarfitte2@posterous.com,Male,127.137.17.40
508,Arlen,Traviss,atravisse3@hubpages.com,Female,21.184.91.32
509,Shirleen,Heartfield,sheartfielde4@umn.edu,Female,50.6.74.100
510,Fionna,Dinneges,fdinnegese5@clickbank.net,Female,199.31.220.204
511,Ferdie,Mirrlees,fmirrleese6@ebay.com,Male,242.106.148.123
512,Darci,Woodfield,dwoodfielde7@linkedin.com,Female,143.119.80.65
513,Berkeley,Wynrehame,bwynrehamee8@patch.com,Male,121.42.168.93
514,Aldwin,Tye,atyee9@desdev.cn,Male,12.168.80.91
515,Piotr,Baelde,pbaeldeea@homestead.com,Male,27.206.170.35
516,Norrie,Persence,npersenceeb@aol.com,Male,200.65.217.178
517,Hervey,Milillo,hmililloec@irs.gov,Male,151.7.204.203
518,Allix,Proby,aprobyed@ehow.com,Female,51.147.47.78
519,Onofredo,Lamberteschi,olamberteschiee@artisteer.com,Male,113.179.62.156
520,Symon,Pinkney,spinkneyef@noaa.gov,Male,100.221.18.198
521,Ingram,Cunnane,icunnaneeg@gizmodo.com,Male,102.44.151.185
522,Lucinda,Cosley,lcosleyeh@discovery.com,Female,104.182.235.63
523,Thorsten,Ainslee,tainsleeei@usgs.gov,Male,100.143.112.88
524,Adelina,Gehringer,agehringerej@ucla.edu,Female,138.243.10.216
525,Wilt,Tunna,wtunnaek@skyrock.com,Male,155.52.94.135
526,Cass,Struthers,cstruthersel@quantcast.com,Male,221.254.242.139
527,Cherry,Veldens,cveldensem@wikipedia.org,Female,56.128.177.142
528,Mahala,Dowman,mdowmanen@trellian.com,Female,60.152.68.230
529,Rochelle,Heinzler,rheinzlereo@google.de,Female,32.146.210.30
530,Anallese,Magister,amagisterep@cnbc.com,Female,19.180.5.186
531,Fairfax,Kimblin,fkimblineq@ovh.net,Agender,222.217.167.45
532,Corbie,Emby,cembyer@ask.com,Male,44.192.167.201
533,Tobey,Cotter,tcotteres@wordpress.org,Female,14.109.21.249
534,Kerri,Paolazzi,kpaolazziet@yellowpages.com,Female,191.187.203.127
535,Emelina,Faccini,efaccinieu@phoca.cz,Female,139.107.105.213
536,Willyt,Urion,wurionev@purevolume.com,Female,208.157.99.11
537,Thibaud,Simoncello,tsimoncelloew@amazonaws.com,Polygender,159.216.206.160
538,Roosevelt,Legrice,rlegriceex@thetimes.co.uk,Genderfluid,40.130.185.249
539,Dredi,Geeson,dgeesoney@nifty.com,Female,250.157.171.154
540,Evey,Gallichan,egallichanez@hao123.com,Female,3.126.4.213
541,Gilbertina,Roddan,groddanf0@chron.com,Female,194.128.141.103
542,Max,Simoncini,msimoncinif1@tiny.cc,Female,188.8.14.146
543,Mary,Sibley,msibleyf2@about.me,Female,179.136.224.198
544,Dixie,Romand,dromandf3@admin.ch,Female,121.194.196.81
545,Megan,MacKeig,mmackeigf4@qq.com,Female,20.137.173.66
546,Filia,Matyashev,fmatyashevf5@guardian.co.uk,Female,171.114.48.114
547,Luke,Carnihan,lcarnihanf6@psu.edu,Male,85.197.2.38
548,Derrek,Dennis,ddennisf7@constantcontact.com,Male,145.64.216.4
549,Nichole,See,nseef8@amazonaws.com,Male,200.197.78.94
550,Vick,Ganforthe,vganforthef9@newyorker.com,Male,37.42.79.170
551,Ajay,Buxsey,abuxseyfa@nhs.uk,Female,126.237.132.253
552,Gabie,Beldan,gbeldanfb@ovh.net,Male,140.98.227.215
553,Honey,Mulcahy,hmulcahyfc@huffingtonpost.com,Female,6.38.156.80
554,Pammy,Gowland,pgowlandfd@sitemeter.com,Female,22.177.216.192
555,Chrissy,Pahler,cpahlerfe@mac.com,Genderqueer,17.251.185.87
556,Hillel,Buyers,hbuyersff@privacy.gov.au,Male,149.31.226.116
557,Babb,Houndsom,bhoundsomfg@va.gov,Female,255.36.200.123
558,Sukey,Lodwick,slodwickfh@issuu.com,Female,84.251.9.119
559,Gaspard,Burrel,gburrelfi@alexa.com,Male,209.40.235.75
560,Darrell,Abley,dableyfj@google.ca,Male,209.145.55.16
561,Gilles,Embury,gemburyfk@yolasite.com,Genderfluid,51.114.56.118
562,Winna,Antoniutti,wantoniuttifl@umn.edu,Female,251.34.160.140
563,Neddie,Croker,ncrokerfm@vk.com,Male,44.86.193.236
564,Binnie,Tomkin,btomkinfn@w3.org,Female,233.125.240.53
565,Drusy,Kassel,dkasselfo@qq.com,Female,124.23.13.188
566,Aida,Fahrenbacher,afahrenbacherfp@sogou.com,Female,22.34.138.55
567,Cedric,Holbury,cholburyfq@google.co.uk,Male,156.87.49.93
568,Finley,Evens,fevensfr@booking.com,Male,181.107.132.57
569,Lyell,MacCague,lmaccaguefs@salon.com,Male,183.205.42.15
570,Caldwell,Beedell,cbeedellft@yelp.com,Male,117.227.108.117
571,Guglielmo,Arlet,garletfu@uol.com.br,Genderfluid,149.4.0.14
572,Maxine,Bunney,mbunneyfv@google.nl,Female,132.183.25.255
573,Dev,Durkin,ddurkinfw@soundcloud.com,Male,92.221.192.87
574,Raffarty,Smeeth,rsmeethfx@multiply.com,Male,223.161.99.22
575,Raffaello,Azemar,razemarfy@addtoany.com,Male,99.9.84.186
576,Wallie,MacAlpin,wmacalpinfz@mysql.com,Male,96.148.234.229
577,Gillian,Goncaves,ggoncavesg0@prnewswire.com,Female,152.217.39.87
578,Nichole,Ivanenko,nivanenkog1@imgur.com,Female,204.41.255.5
579,Kenon,Longstreeth,klongstreethg2@unesco.org,Polygender,58.5.94.76
580,Coleman,Currington,ccurringtong3@hubpages.com,Male,222.62.163.77
581,Laryssa,Thorsby,lthorsbyg4@mapquest.com,Female,166.0.87.105
582,Sophie,Jest,sjestg5@mayoclinic.com,Female,48.229.73.65
583,Austen,Edgar,aedgarg6@spiegel.de,Male,193.108.150.10
584,Abby,Sarle,asarleg7@yahoo.co.jp,Male,111.228.158.199
585,Orv,Bedboro,obedborog8@webmd.com,Male,162.34.135.1
586,Coleen,Picardo,cpicardog9@github.com,Female,117.219.120.5
587,Kristo,Barke,kbarkega@hatena.ne.jp,Male,162.64.132.235
588,Ivy,Tambling,itamblinggb@wunderground.com,Female,44.104.130.17
589,Sascha,Challin,schallingc@cbslocal.com,Agender,23.159.125.37
590,Rebecca,Gilbody,rgilbodygd@mozilla.org,Female,205.191.161.168
591,Tammie,Anthon,tanthonge@about.me,Bigender,129.86.175.116
592,Alia,Harrowsmith,aharrowsmithgf@amazon.de,Female,238.182.149.209
593,Pearla,Kleinhandler,pkleinhandlergg@dedecms.com,Non-binary,133.79.169.214
594,Zachariah,Babington,zbabingtongh@cornell.edu,Male,141.241.18.92
595,Walsh,Orvis,worvisgi@ucoz.ru,Male,222.209.229.154
596,Margalo,McGuinness,mmcguinnessgj@harvard.edu,Female,209.189.179.75
597,Griffy,McShane,gmcshanegk@biblegateway.com,Male,76.143.123.124
598,Rosalinde,Pinnocke,rpinnockegl@shareasale.com,Female,24.90.129.188
599,Shannah,Frontczak,sfrontczakgm@g.co,Female,36.38.116.208
600,Bendick,Dalzell,bdalzellgn@washington.edu,Male,44.111.167.203
601,Cathleen,Chowne,cchownego@amazon.co.jp,Female,67.229.97.17
602,Simona,Gorgen,sgorgengp@chronoengine.com,Female,60.236.206.136
603,Nikolas,McGragh,nmcgraghgq@utexas.edu,Male,114.130.83.121
604,Guido,Fines,gfinesgr@va.gov,Male,157.33.34.43
605,Chris,Tipper,ctippergs@mapy.cz,Female,108.125.176.167
606,Cissy,Bonass,cbonassgt@house.gov,Female,192.19.201.217
607,Denney,Van den Hof,dvandenhofgu@guardian.co.uk,Male,37.192.50.29
608,Lon,Ind,lindgv@apache.org,Genderfluid,222.76.35.254
609,Shawna,Chasier,schasiergw@washington.edu,Female,45.164.149.238
610,Gavra,Curling,gcurlinggx@apache.org,Female,97.176.49.129
611,Pacorro,Gerhartz,pgerhartzgy@forbes.com,Non-binary,249.17.55.64
612,Gerrie,Knottley,gknottleygz@tripadvisor.com,Female,117.163.164.241
613,Charin,Begbie,cbegbieh0@sphinn.com,Female,62.235.120.248
614,Jack,Tynemouth,jtynemouthh1@google.com.hk,Male,230.229.97.247
615,Ninette,Loreit,nloreith2@plala.or.jp,Female,160.123.27.50
616,Hailee,Cansdall,hcansdallh3@pinterest.com,Female,60.63.88.33
617,Shanda,MacCarroll,smaccarrollh4@symantec.com,Female,208.208.227.116
618,Sibelle,Starmer,sstarmerh5@tinyurl.com,Female,73.9.98.158
619,Anthia,McDonough,amcdonoughh6@sogou.com,Female,244.211.211.120
620,Haydon,Melwall,hmelwallh7@canalblog.com,Male,43.181.100.70
621,Charissa,Swindle,cswindleh8@typepad.com,Female,39.26.122.134
622,Erica,Maher,emaherh9@scribd.com,Female,56.86.239.74
623,Geri,Kuhne,gkuhneha@miibeian.gov.cn,Male,191.205.32.18
624,Adler,Huntall,ahuntallhb@360.cn,Male,214.164.163.133
625,Shirley,Catley,scatleyhc@csmonitor.com,Female,125.176.79.158
626,Logan,le Keux,llekeuxhd@umn.edu,Male,144.40.237.212
627,Shell,Mushart,smusharthe@washingtonpost.com,Female,249.172.142.47
628,Dion,Hoyes,dhoyeshf@squidoo.com,Male,145.215.64.213
629,Zorine,Snodden,zsnoddenhg@g.co,Female,152.150.93.227
630,Joleen,Lowin,jlowinhh@51.la,Female,186.226.71.12
631,Meriel,Wellbeloved,mwellbelovedhi@yelp.com,Female,151.29.44.209
632,Virge,Twomey,vtwomeyhj@webmd.com,Male,120.172.36.159
633,Mayor,Birbeck,mbirbeckhk@samsung.com,Male,110.234.103.90
634,Hildegaard,Petracco,hpetraccohl@toplist.cz,Female,58.12.206.245
635,Lenna,Lamport,llamporthm@live.com,Female,197.62.200.23
636,Gearalt,Goucher,ggoucherhn@cisco.com,Male,130.200.130.219
637,Alana,Petruskevich,apetruskevichho@patch.com,Female,80.27.180.77
638,Theodore,Jimenez,tjimenezhp@51.la,Male,18.76.8.97
639,Othilia,Douce,odoucehq@com.com,Female,102.136.226.16
640,Dermot,Degg,ddegghr@cafepress.com,Male,102.51.25.215
641,Rodrick,Roskell,rroskellhs@cloudflare.com,Bigender,56.81.184.52
642,Fields,Erridge,ferridgeht@barnesandnoble.com,Male,74.15.191.47
643,Kip,Simms,ksimmshu@bluehost.com,Male,237.183.47.213
644,Easter,Cerie,eceriehv@hostgator.com,Female,125.144.129.109
645,Derek,Skeel,dskeelhw@odnoklassniki.ru,Male,209.222.93.85
646,Harmony,Lashbrook,hlashbrookhx@aol.com,Female,204.207.137.79
647,Petr,Glavias,pglaviashy@tripod.com,Male,102.53.54.121
648,Kirby,Arsmith,karsmithhz@sohu.com,Female,251.127.135.46
649,Dame,Garfitt,dgarfitti0@forbes.com,Male,75.177.36.44
650,Hagen,Urridge,hurridgei1@vistaprint.com,Male,28.116.139.178
651,Anjela,Laminman,alaminmani2@odnoklassniki.ru,Female,180.196.218.32
652,Daniela,Rockingham,drockinghami3@independent.co.uk,Female,77.206.42.75
653,Thalia,Bobasch,tbobaschi4@comcast.net,Female,30.193.131.224
654,Quent,Huckel,qhuckeli5@123-reg.co.uk,Male,90.7.61.116
655,Remus,Le Sarr,rlesarri6@xing.com,Male,40.6.109.46
656,Emera,Ayres,eayresi7@google.fr,Female,99.204.204.211
657,Fayth,Niese,fniesei8@vkontakte.ru,Genderqueer,186.239.153.124
658,Andreana,Fosberry,afosberryi9@cmu.edu,Female,239.100.52.38
659,Annora,MacCole,amaccoleia@mac.com,Female,165.163.181.56
660,Northrop,Mille,nmilleib@de.vu,Male,5.198.29.26
661,Konstanze,Padrick,kpadrickic@alexa.com,Non-binary,165.19.0.200
662,Gabriel,De Benedetti,gdebenedettiid@reuters.com,Male,214.238.24.115
663,Diandra,Errichi,derrichiie@over-blog.com,Non-binary,4.198.208.88
664,Lenore,Kull,lkullif@globo.com,Female,247.155.234.51
665,Cyndia,Cuncarr,ccuncarrig@unesco.org,Female,43.150.90.180
666,Lucais,Piesing,lpiesingih@live.com,Male,32.1.139.3
667,Tisha,Sirman,tsirmanii@google.co.uk,Female,87.223.39.64
668,Nike,Dunlea,ndunleaij@flavors.me,Female,109.100.167.208
669,Terry,MacClinton,tmacclintonik@vinaora.com,Male,188.25.224.68
670,Mauricio,Ambrus,mambrusil@about.com,Male,73.31.186.106
671,Burtie,Howick,bhowickim@cdbaby.com,Male,130.196.216.249
672,Celeste,Vallow,cvallowin@utexas.edu,Female,113.34.132.236
673,Bary,Lorraine,blorraineio@seesaa.net,Male,178.243.201.249
674,Kevin,Cottier,kcottierip@linkedin.com,Male,37.142.151.123
675,Basile,Cheesworth,bcheesworthiq@netscape.com,Male,62.15.175.78
676,Nevins,Fries,nfriesir@cnn.com,Male,29.80.246.249
677,Anabelle,Bridell,abridellis@apple.com,Female,200.127.127.4
678,Ellen,Penylton,epenyltonit@telegraph.co.uk,Female,107.91.53.123
679,Thain,Castelin,tcasteliniu@seattletimes.com,Male,248.246.233.171
680,Titos,Smallpeice,tsmallpeiceiv@alibaba.com,Male,55.48.130.165
681,Dalt,Grinov,dgrinoviw@geocities.com,Male,206.25.253.242
682,Elsie,Noads,enoadsix@bloomberg.com,Female,89.48.84.44
683,Merralee,Billyeald,mbillyealdiy@ycombinator.com,Genderqueer,17.217.61.116
684,Moira,Jaffa,mjaffaiz@dmoz.org,Bigender,92.36.103.160
685,Lissa,Ambrogiotti,lambrogiottij0@comcast.net,Female,4.87.238.27
686,Elvera,Elcott,eelcottj1@cloudflare.com,Female,82.208.143.47
687,Suzanna,Brumby,sbrumbyj2@yahoo.co.jp,Female,168.166.249.41
688,Camila,Savile,csavilej3@pbs.org,Female,255.45.86.114
689,Vyky,Shepherdson,vshepherdsonj4@yolasite.com,Female,157.150.223.101
690,Jaquenette,Giovannardi,jgiovannardij5@ft.com,Female,171.14.145.6
691,Neddy,Beecroft,nbeecroftj6@gmpg.org,Male,96.54.43.200
692,Pearle,De Andreis,pdeandreisj7@shinystat.com,Female,239.39.70.100
693,Maxy,Stang-Gjertsen,mstanggjertsenj8@nba.com,Male,90.57.97.252
694,Clement,Silson,csilsonj9@nhs.uk,Male,202.92.203.174
695,Katharina,Hesse,khesseja@barnesandnoble.com,Female,2.109.27.161
696,Alyce,Janczyk,ajanczykjb@cdbaby.com,Female,136.212.111.163
697,Claybourne,Piel,cpieljc@army.mil,Male,176.206.94.106
698,Pet,McCay,pmccayjd@statcounter.com,Female,76.196.25.99
699,Stacie,Pimlett,spimlettje@paypal.com,Female,167.247.33.55
700,Lloyd,Wines,lwinesjf@flickr.com,Male,147.193.98.125
701,Kermie,Dulwich,kdulwichjg@hud.gov,Male,135.193.84.150
702,Rhona,Hawthorne,rhawthornejh@telegraph.co.uk,Female,95.209.187.254
703,Auguste,Ivakhin,aivakhinji@aol.com,Female,73.91.38.95
704,Zared,Scourfield,zscourfieldjj@ebay.co.uk,Male,145.88.202.39
705,Robyn,Goulden,rgouldenjk@cloudflare.com,Female,218.85.36.183
706,Nisse,Cruikshank,ncruikshankjl@ifeng.com,Female,209.149.193.109
707,Jacky,Hacard,jhacardjm@cyberchimps.com,Female,9.216.205.39
708,Waring,Sprull,wsprulljn@123-reg.co.uk,Male,240.39.45.222
709,Gloria,Ivanchikov,givanchikovjo@aboutads.info,Female,204.238.201.148
710,Phaedra,Simony,psimonyjp@w3.org,Genderqueer,28.103.185.254
711,Mariel,MacGiolla,mmacgiollajq@sitemeter.com,Female,74.186.30.175
712,Saunders,Audrey,saudreyjr@linkedin.com,Male,87.43.255.66
713,Harland,Mattiazzo,hmattiazzojs@baidu.com,Male,12.66.167.223
714,Doe,Bantock,dbantockjt@cbc.ca,Female,55.38.249.39
715,Portie,Brigg,pbriggju@studiopress.com,Male,57.185.157.228
716,Hilary,Streatfeild,hstreatfeildjv@hexun.com,Male,213.37.27.146
717,Cherianne,Westmerland,cwestmerlandjw@cmu.edu,Bigender,175.80.249.31
718,Glenna,Proffitt,gproffittjx@google.it,Female,221.169.184.120
719,Georgina,Schechter,gschechterjy@wikispaces.com,Female,15.82.117.226
720,Craig,Stepto,csteptojz@phpbb.com,Male,114.142.71.225
721,Bailie,Frazer,bfrazerk0@joomla.org,Male,217.126.104.225
722,Garvey,Penke,gpenkek1@unesco.org,Male,34.119.12.60
723,Gill,Frood,gfroodk2@icq.com,Male,137.232.47.160
724,Cody,Flavelle,cflavellek3@com.com,Female,59.46.17.48
725,Leanor,Sargint,lsargintk4@ask.com,Female,152.98.116.218
726,Hammad,Marquiss,hmarquissk5@tinypic.com,Male,227.42.82.167
727,Masha,Rowbottam,mrowbottamk6@google.com,Female,123.233.71.64
728,Marylin,Airey,maireyk7@walmart.com,Female,28.198.130.20
729,Corrie,Bouch,cbouchk8@youku.com,Male,156.110.47.165
730,Devonne,Bullcock,dbullcockk9@xing.com,Bigender,160.95.171.207
731,Bamby,Rillett,brillettka@tuttocitta.it,Female,65.162.218.53
732,Michelle,Waliszek,mwaliszekkb@disqus.com,Female,18.218.122.245
733,Nikola,Lyte,nlytekc@psu.edu,Male,225.3.158.123
734,Joyann,Kerwin,jkerwinkd@de.vu,Female,6.17.19.87
735,Brnaby,Bellocht,bbellochtke@noaa.gov,Male,104.49.26.135
736,Berkie,Frame,bframekf@amazon.co.jp,Male,179.247.131.169
737,Margo,Scoular,mscoularkg@nasa.gov,Female,31.188.154.97
738,Reinaldos,Castaner,rcastanerkh@utexas.edu,Genderfluid,104.178.150.249
739,Bibi,Gianotti,bgianottiki@amazon.co.uk,Female,92.135.245.91
740,Alonso,Cullingworth,acullingworthkj@ycombinator.com,Male,156.187.82.159
741,Janenna,Ruslinge,jruslingekk@disqus.com,Female,238.86.57.64
742,Nehemiah,Binnell,nbinnellkl@umich.edu,Male,119.31.32.46
743,Terrill,Learie,tleariekm@google.ca,Male,180.250.165.40
744,Barbabas,Birrane,bbirranekn@phoca.cz,Male,156.91.194.213
745,Marcel,Osant,mosantko@instagram.com,Male,214.181.227.164
746,Kirsten,Adhams,kadhamskp@weebly.com,Female,49.211.158.209
747,Berna,Coleson,bcolesonkq@infoseek.co.jp,Female,227.22.142.69
748,Sterling,Cabera,scaberakr@cdc.gov,Male,158.1.131.205
749,Vick,Byneth,vbynethks@about.me,Male,38.174.148.118
750,Aldric,Osbourne,aosbournekt@desdev.cn,Male,214.74.146.194
751,Rickie,Smallcomb,rsmallcombku@trellian.com,Female,54.248.170.78
752,Kipper,Moulsdall,kmoulsdallkv@unicef.org,Male,178.242.69.20
753,Lothario,Bayford,lbayfordkw@hc360.com,Male,136.3.234.154
754,Jesselyn,Barrass,jbarrasskx@howstuffworks.com,Female,226.132.215.209
755,Moritz,Minchin,mminchinky@google.nl,Male,13.41.189.103
756,Amy,Siburn,asiburnkz@boston.com,Female,65.23.190.3
757,Mariana,Burgoyne,mburgoynel0@webmd.com,Female,11.167.216.149
758,Amara,Skayman,askaymanl1@google.com,Female,96.116.189.41
759,Lawrence,Stillman,lstillmanl2@xrea.com,Male,146.208.44.147
760,Norma,Mossom,nmossoml3@dailymotion.com,Female,212.126.251.108
761,Ulric,Cookson,ucooksonl4@samsung.com,Male,187.131.112.213
762,Dieter,Cardoso,dcardosol5@reverbnation.com,Male,210.233.241.67
763,Franklin,Dorin,fdorinl6@stanford.edu,Male,242.150.229.37
764,Patrizio,Ishak,pishakl7@eepurl.com,Male,139.152.107.67
765,Dawn,Loody,dloodyl8@360.cn,Female,25.39.73.17
766,Gorden,Hearsum,ghearsuml9@foxnews.com,Male,167.144.200.22
767,Paten,Winspeare,pwinspearela@paginegialle.it,Male,213.114.79.116
768,Xavier,Pifford,xpiffordlb@dedecms.com,Male,238.228.239.232
769,Grier,Nertney,gnertneylc@mtv.com,Female,112.145.97.211
770,Kaycee,Wealleans,kwealleansld@toplist.cz,Female,106.67.213.46
771,Olivero,Friedenbach,ofriedenbachle@blogtalkradio.com,Male,174.160.33.114
772,Gifford,Wardington,gwardingtonlf@canalblog.com,Male,192.59.69.20
773,Raina,Borghese,rborgheselg@miibeian.gov.cn,Female,80.239.170.73
774,Muhammad,Prewer,mprewerlh@cam.ac.uk,Genderqueer,211.13.125.73
775,Tobiah,Pinnell,tpinnellli@cafepress.com,Male,24.132.50.78
776,Bar,Sudworth,bsudworthlj@hostgator.com,Male,208.171.214.251
777,Barnebas,Mineghelli,bmineghellilk@paypal.com,Male,150.154.244.166
778,Ediva,Lurriman,elurrimanll@reference.com,Female,168.198.171.240
779,Standford,Skillern,sskillernlm@sakura.ne.jp,Male,133.92.71.200
780,Denney,Haldenby,dhaldenbyln@dagondesign.com,Male,3.80.17.170
781,Bernie,Inskipp,binskipplo@sfgate.com,Genderfluid,139.175.89.2
782,Berke,Durrad,bdurradlp@chronoengine.com,Male,20.56.19.221
783,Flory,Snellman,fsnellmanlq@yandex.ru,Male,165.211.138.72
784,Becky,Gatley,bgatleylr@xing.com,Female,134.225.48.87
785,Darcee,Cassar,dcassarls@jugem.jp,Female,145.199.194.189
786,Towny,Cake,tcakelt@creativecommons.org,Male,186.12.111.95
787,Deidre,Pendrill,dpendrilllu@moonfruit.com,Female,204.115.60.254
788,Fonz,Cathel,fcathellv@mysql.com,Male,176.185.241.45
789,Lindsay,Pittway,lpittwaylw@i2i.jp,Female,21.188.100.178
790,Granger,Standeven,gstandevenlx@over-blog.com,Male,121.230.37.164
791,Hammad,Boddice,hboddicely@vistaprint.com,Male,138.63.49.126
792,Jaquith,Kinnar,jkinnarlz@bloglines.com,Female,164.55.77.246
793,Brant,Arboine,barboinem0@canalblog.com,Male,189.251.243.222
794,Karlyn,Stapforth,kstapforthm1@cbslocal.com,Female,175.97.30.181
795,Shurlock,Mouget,smougetm2@ca.gov,Polygender,141.34.225.25
796,Jillane,Bottleson,jbottlesonm3@ihg.com,Female,31.61.52.106
797,Auberon,Upchurch,aupchurchm4@aboutads.info,Agender,17.81.129.151
798,Tibold,Braysher,tbraysherm5@wired.com,Male,11.49.16.93
799,Elsie,Spiby,espibym6@japanpost.jp,Female,171.130.196.49
800,Robin,Kestin,rkestinm7@nhs.uk,Male,199.151.214.252
801,Merrill,Giamelli,mgiamellim8@miitbeian.gov.cn,Female,156.122.139.12
802,Petronille,Lohde,plohdem9@nsw.gov.au,Female,134.62.227.123
803,Jami,Girvin,jgirvinma@a8.net,Female,30.153.16.108
804,Georgeanna,Bunt,gbuntmb@about.me,Female,207.142.101.156
805,Harp,Grigoriev,hgrigorievmc@typepad.com,Male,159.148.174.100
806,Phelia,Lillo,plillomd@marketwatch.com,Female,194.220.255.210
807,Arlina,Brisson,abrissonme@usatoday.com,Female,112.95.56.123
808,Dela,Sandall,dsandallmf@cnbc.com,Female,191.11.96.15
809,Maurita,Ausiello,mausiellomg@wikispaces.com,Female,240.154.54.81
810,Vidovic,Dawid,vdawidmh@economist.com,Male,26.82.21.184
811,Waylen,Callear,wcallearmi@senate.gov,Male,150.8.213.180
812,Alyosha,Sturney,asturneymj@cnn.com,Male,163.111.194.158
813,Felic,Daventry,fdaventrymk@gov.uk,Male,228.210.64.150
814,Veronika,Keveren,vkeverenml@opera.com,Female,26.107.4.49
815,Waylon,Spinney,wspinneymm@homestead.com,Male,64.82.215.120
816,Berti,Budik,bbudikmn@mysql.com,Male,78.34.129.129
817,Wylma,Jayne,wjaynemo@hatena.ne.jp,Female,150.93.125.12
818,Drugi,Riggs,driggsmp@amazon.de,Polygender,93.112.16.91
819,Cathe,Bossel,cbosselmq@unesco.org,Female,104.155.15.197
820,Linn,Juara,ljuaramr@cyberchimps.com,Female,2.31.231.54
821,Giana,Primak,gprimakms@youtu.be,Polygender,67.54.155.8
822,Ronda,Elce,relcemt@alexa.com,Female,156.58.166.199
823,Nelle,Baudino,nbaudinomu@artisteer.com,Female,74.95.206.82
824,Adolf,Clubb,aclubbmv@g.co,Male,16.14.128.49
825,Hermina,Ternott,hternottmw@imgur.com,Female,3.183.41.177
826,Shel,Billsberry,sbillsberrymx@ucoz.com,Female,108.157.254.145
827,Thomasin,Ridsdole,tridsdolemy@cafepress.com,Female,39.164.236.4
828,Christan,Rope,cropemz@spiegel.de,Female,122.75.62.243
829,Ellwood,Ommanney,eommanneyn0@unblog.fr,Male,10.250.98.28
830,Indira,Foister,ifoistern1@loc.gov,Female,63.16.103.170
831,Morgun,Fosher,mfoshern2@hatena.ne.jp,Male,105.103.37.142
832,Lydia,Ruttgers,lruttgersn3@reddit.com,Female,140.79.192.84
833,Dewie,Grelka,dgrelkan4@tripadvisor.com,Male,86.244.242.158
834,Teena,Crim,tcrimn5@webnode.com,Female,54.211.109.79
835,Horatio,Bolter,hboltern6@google.nl,Male,14.225.106.144
836,Jonah,Garroch,jgarrochn7@free.fr,Male,188.230.99.216
837,Reinwald,Krolak,rkrolakn8@wiley.com,Male,41.13.43.4
838,Kaitlyn,Rogans,krogansn9@usgs.gov,Female,18.255.140.75
839,Winn,Brimblecombe,wbrimblecombena@businessweek.com,Male,165.158.5.172
840,Sherry,Donaho,sdonahonb@cloudflare.com,Female,81.189.149.200
841,Ingrid,Gierth,igierthnc@youtube.com,Female,26.241.18.40
842,Clim,Ridgley,cridgleynd@icio.us,Male,98.244.153.116
843,Cyrus,Patifield,cpatifieldne@360.cn,Male,108.38.161.72
844,Devin,Weyland,dweylandnf@newsvine.com,Male,155.208.111.167
845,Brand,Robatham,brobathamng@marketwatch.com,Male,141.97.51.139
846,Beau,Bucknall,bbucknallnh@narod.ru,Male,221.59.192.114
847,Sabra,Feldon,sfeldonni@123-reg.co.uk,Female,40.177.23.233
848,Samantha,Mapstone,smapstonenj@ucla.edu,Female,243.137.205.3
849,Brinn,Claridge,bclaridgenk@accuweather.com,Female,192.16.246.189
850,Mitch,Bartkiewicz,mbartkiewicznl@yahoo.co.jp,Male,10.81.25.245
851,Laney,Biskupek,lbiskupeknm@prlog.org,Male,53.58.61.16
852,Marchelle,Rappoport,mrappoportnn@dmoz.org,Female,236.104.170.246
853,Durante,Castiblanco,dcastiblancono@topsy.com,Male,194.234.131.54
854,Rupert,Scheu,rscheunp@wikipedia.org,Male,17.127.125.116
855,Sherlocke,Carty,scartynq@twitter.com,Male,165.43.105.156
856,Darcie,Roskeilly,droskeillynr@shinystat.com,Female,136.209.198.139
857,Ash,Gravener,agravenerns@mysql.com,Male,17.108.127.191
858,Obed,Vasiliev,ovasilievnt@mail.ru,Male,227.154.245.100
859,Geri,Dhenin,gdheninnu@t-online.de,Male,91.72.1.26
860,Ara,Matthieson,amatthiesonnv@toplist.cz,Female,235.96.221.254
861,Herbert,Braunton,hbrauntonnw@comsenz.com,Male,73.132.204.9
862,Kareem,Salatino,ksalatinonx@simplemachines.org,Male,114.10.180.97
863,Kelsey,Ricarde,kricardeny@dell.com,Female,183.77.9.93
864,Alie,Jahn,ajahnnz@wunderground.com,Female,102.248.147.237
865,Carlin,Chatres,cchatreso0@mysql.com,Male,239.126.205.49
866,Duky,Forbes,dforbeso1@diigo.com,Male,158.68.165.223
867,Hy,Monini,hmoninio2@t-online.de,Male,51.52.3.219
868,Fairfax,Symington,fsymingtono3@yahoo.co.jp,Male,120.237.145.144
869,Frederico,Rawstron,frawstrono4@bbc.co.uk,Male,64.247.162.99
870,Fifine,Wellen,fwelleno5@odnoklassniki.ru,Female,116.109.218.134
871,Erek,Frammingham,eframminghamo6@yolasite.com,Male,36.21.147.217
872,Randell,Fahey,rfaheyo7@about.me,Male,190.197.234.172
873,Moe,Ehrat,mehrato8@indiegogo.com,Male,15.234.58.184
874,Marybelle,Jarrold,mjarroldo9@blinklist.com,Female,234.102.221.58
875,Annabell,Elwin,aelwinoa@desdev.cn,Female,113.112.181.61
876,Mab,Colson,mcolsonob@si.edu,Female,126.134.175.80
877,Isabel,Dobeson,idobesonoc@mozilla.org,Genderqueer,242.24.225.149
878,Karolina,Crayker,kcraykerod@youku.com,Female,66.152.53.212
879,Dulciana,Bexon,dbexonoe@dedecms.com,Female,187.212.55.246
880,Ebonee,Layburn,elayburnof@squidoo.com,Female,207.60.193.254
881,Rosalinda,Tuffey,rtuffeyog@dagondesign.com,Female,221.241.138.53
882,Dorian,Sueter,dsueteroh@amazonaws.com,Female,149.26.198.198
883,Byrom,Ney,bneyoi@naver.com,Male,92.59.153.220
884,Carlene,Bartholat,cbartholatoj@slate.com,Female,41.188.101.182
885,Zena,Peirce,zpeirceok@cnbc.com,Female,19.145.221.165
886,Elton,Element,eelementol@fastcompany.com,Male,42.107.219.115
887,Currey,Ellens,cellensom@amazon.co.jp,Male,43.96.90.1
888,Loleta,Croizier,lcroizieron@usda.gov,Female,203.233.164.102
889,Datha,Toland,dtolandoo@indiatimes.com,Female,182.200.197.61
890,Samuele,Matzkaitis,smatzkaitisop@stumbleupon.com,Male,32.245.80.92
891,Delcina,Flaune,dflauneoq@theguardian.com,Female,154.108.241.212
892,Opaline,Novic,onovicor@sohu.com,Female,55.203.42.104
893,Dannie,Gheerhaert,dgheerhaertos@timesonline.co.uk,Female,18.234.151.78
894,Claiborne,Loxdale,cloxdaleot@howstuffworks.com,Male,213.145.91.21
895,Flor,O'Fergus,fofergusou@google.it,Female,212.178.227.163
896,Marice,Drinkale,mdrinkaleov@opera.com,Genderqueer,7.145.141.164
897,Elva,Storry,estorryow@wikimedia.org,Female,74.247.61.102
898,Francklin,Coultas,fcoultasox@multiply.com,Male,7.219.57.36
899,Denny,Rogge,droggeoy@squidoo.com,Female,217.66.31.234
900,Salomi,Braisted,sbraistedoz@shop-pro.jp,Female,228.154.192.41
901,Maybelle,Sammons,msammonsp0@hibu.com,Female,216.27.61.1
902,Field,Sarginson,fsarginsonp1@addthis.com,Male,222.247.103.32
903,Nicolle,Fochs,nfochsp2@canalblog.com,Female,12.13.82.167
904,Gar,Steeden,gsteedenp3@ow.ly,Male,75.183.1.28
905,Dell,Boarer,dboarerp4@google.com.au,Agender,75.47.55.76
906,Rosalinde,De Roos,rderoosp5@msn.com,Female,9.145.161.208
907,Selig,Mompesson,smompessonp6@tuttocitta.it,Male,244.8.244.176
908,Dew,Prene,dprenep7@flavors.me,Male,83.69.178.83
909,Vivianna,Astill,vastillp8@drupal.org,Female,145.207.90.109
910,Montgomery,Bockman,mbockmanp9@wikia.com,Male,105.153.73.156
911,Marion,Station,mstationpa@seesaa.net,Male,19.175.211.166
912,Cordie,Carrabott,ccarrabottpb@altervista.org,Male,192.236.6.49
913,Tarrah,Lambden,tlambdenpc@geocities.jp,Female,82.234.143.132
914,Donavon,Bootland,dbootlandpd@nydailynews.com,Male,102.130.58.185
915,Shaylyn,De Gregorio,sdegregoriope@amazon.de,Female,139.80.58.23
916,Sven,Reppaport,sreppaportpf@mlb.com,Male,48.90.249.140
917,Riva,Coogan,rcooganpg@boston.com,Female,164.45.217.2
918,Bowie,Rodenborch,brodenborchph@thetimes.co.uk,Male,173.55.245.4
919,Innis,Cavell,icavellpi@alexa.com,Male,20.48.38.37
920,Penny,Rennenbach,prennenbachpj@weebly.com,Male,100.60.127.94
921,Martita,Beckford,mbeckfordpk@bigcartel.com,Female,199.96.167.20
922,Dorree,O'Shevlan,doshevlanpl@imageshack.us,Female,147.51.18.16
923,Stirling,Thody,sthodypm@epa.gov,Non-binary,7.22.94.54
924,Rhea,Sermin,rserminpn@google.com,Female,187.18.226.73
925,Kira,Locker,klockerpo@discuz.net,Female,227.160.50.95
926,Todd,Ikins,tikinspp@soup.io,Male,237.74.18.107
927,Abie,Thorrington,athorringtonpq@stumbleupon.com,Non-binary,204.141.39.234
928,Foster,Gryglewski,fgryglewskipr@google.com.au,Male,253.222.191.110
929,Myrwyn,Ashpital,mashpitalps@cbslocal.com,Male,42.185.189.231
930,Veronika,Doneld,vdoneldpt@cdbaby.com,Female,136.18.70.180
931,Bret,Wheowall,bwheowallpu@cbslocal.com,Male,100.21.243.210
932,Sylas,Heggison,sheggisonpv@t.co,Male,53.113.198.32
933,Sandor,Samsworth,ssamsworthpw@devhub.com,Polygender,229.170.199.210
934,Darice,Quick,dquickpx@google.fr,Female,40.24.31.79
935,Zia,Row,zrowpy@nytimes.com,Female,121.10.151.140
936,Thorsten,Esposito,tespositopz@noaa.gov,Male,49.142.52.53
937,Charis,Tams,ctamsq0@tinypic.com,Female,175.154.104.42
938,Micah,Stimpson,mstimpsonq1@blogger.com,Genderqueer,57.121.194.7
939,Tan,Achurch,tachurchq2@wunderground.com,Male,215.97.226.117
940,Charmian,Drinkall,cdrinkallq3@mac.com,Female,140.251.190.210
941,Kaiser,Smooth,ksmoothq4@ox.ac.uk,Male,31.175.249.32
942,Bryce,Lindsay,blindsayq5@icq.com,Male,69.122.149.166
943,Angelique,Palister,apalisterq6@twitpic.com,Female,38.146.34.103
944,Amii,McGilbon,amcgilbonq7@last.fm,Female,174.79.135.56
945,Thaxter,Aldersea,talderseaq8@dailymail.co.uk,Agender,124.56.34.167
946,Myer,Fadden,mfaddenq9@phoca.cz,Male,174.167.103.148
947,Bartlet,Phettis,bphettisqa@illinois.edu,Male,187.107.94.240
948,Silvana,Handyside,shandysideqb@msn.com,Polygender,23.135.231.184
949,Tome,Franscioni,tfranscioniqc@pcworld.com,Male,129.217.110.150
950,Brnaby,Brachell,bbrachellqd@youtube.com,Polygender,110.169.154.111
951,Tobiah,Kubal,tkubalqe@nyu.edu,Male,221.106.57.80
952,Caresse,Battrick,cbattrickqf@homestead.com,Female,233.151.66.22
953,Estevan,Oakes,eoakesqg@wikimedia.org,Male,251.46.173.57
954,Clerc,McGrouther,cmcgroutherqh@exblog.jp,Male,157.220.181.67
955,Linoel,Slaughter,lslaughterqi@so-net.ne.jp,Male,221.38.241.74
956,Berky,Sibery,bsiberyqj@scientificamerican.com,Male,58.19.59.210
957,Bernhard,Ekless,beklessqk@shinystat.com,Male,25.234.92.160
958,Melony,Wixon,mwixonql@ocn.ne.jp,Female,41.116.67.232
959,Gale,Dobkin,gdobkinqm@com.com,Female,248.95.46.153
960,Cobbie,Harg,chargqn@deviantart.com,Non-binary,210.189.203.163
961,Georgia,Kerfut,gkerfutqo@github.io,Female,47.239.43.63
962,Franky,Talks,ftalksqp@google.com.hk,Female,36.39.189.135
963,Alanah,Flatley,aflatleyqq@lycos.com,Genderfluid,185.215.227.15
964,Osmund,Cathery,ocatheryqr@slideshare.net,Male,60.115.94.201
965,Kirby,Pickring,kpickringqs@xinhuanet.com,Male,197.25.248.155
966,Mile,Iddens,middensqt@jugem.jp,Genderqueer,198.73.179.127
967,Malia,Haney,mhaneyqu@sciencedirect.com,Female,78.128.3.116
968,Phaidra,Haslen,phaslenqv@ifeng.com,Female,81.16.254.30
969,Livia,Carlesso,lcarlessoqw@wikispaces.com,Female,51.114.163.55
970,Leland,Hasty,lhastyqx@cyberchimps.com,Male,214.50.52.180
971,Geno,Shorie,gshorieqy@cbslocal.com,Male,170.127.184.89
972,Austen,Dollar,adollarqz@macromedia.com,Male,208.230.222.236
973,Hirsch,Van der Brug,hvanderbrugr0@google.de,Male,142.72.110.129
974,Wald,Smithen,wsmithenr1@usatoday.com,Male,173.123.235.160
975,Giulia,Berdale,gberdaler2@mtv.com,Female,219.167.199.40
976,Fax,Eager,feagerr3@amazon.de,Male,228.62.69.33
977,Malorie,Desport,mdesportr4@rakuten.co.jp,Female,118.61.10.86
978,Cybil,Mirralls,cmirrallsr5@xrea.com,Female,22.240.247.131
979,Marysa,Priditt,mpridittr6@odnoklassniki.ru,Female,204.74.28.102
980,Romonda,Bailes,rbailesr7@ovh.net,Female,78.129.88.211
981,Ronni,Stirling,rstirlingr8@exblog.jp,Female,148.100.157.43
982,Margarete,Scholcroft,mscholcroftr9@state.tx.us,Female,88.38.89.232
983,Clarke,Mateja,cmatejara@prweb.com,Male,16.235.1.65
984,Mallissa,Hawarden,mhawardenrb@ovh.net,Female,170.187.80.48
985,Derk,Tellenbrook,dtellenbrookrc@nps.gov,Male,92.87.26.77
986,Marthena,Caine,mcainerd@mediafire.com,Female,139.87.156.41
987,Raul,Corteney,rcorteneyre@wired.com,Male,3.156.137.62
988,Shaylah,Fransson,sfranssonrf@soundcloud.com,Female,171.222.38.59
989,Perry,Piatek,ppiatekrg@patch.com,Male,83.91.63.253
990,James,Willingale,jwillingalerh@elpais.com,Male,13.94.160.209
991,Ferd,Faircliffe,ffairclifferi@va.gov,Male,134.93.177.50
992,Seward,Jauncey,sjaunceyrj@tuttocitta.it,Male,223.28.91.157
993,Curtice,Horley,chorleyrk@booking.com,Male,220.140.65.4
994,Chelsy,Huygen,chuygenrl@businessweek.com,Female,226.237.65.208
995,Jerrylee,Charman,jcharmanrm@storify.com,Female,248.184.167.172
996,Dene,Sancias,dsanciasrn@vk.com,Male,183.148.207.97
997,Von,Downse,vdownsero@privacy.gov.au,Male,86.205.49.69
998,Dori,Perrygo,dperrygorp@t.co,Genderqueer,24.48.101.91
999,Dacia,Clohessy,dclohessyrq@utexas.edu,Female,236.175.182.244
1000,Ardyth,Safe,asaferr@usda.gov,Female,71.159.252.18
